शीर्ष क्वेरी,क्लिक की संख्या,छापें,क्लिक मिलने की दर (सीटीआर),स्थिति
ha bet,31,100,31%,5.24
habet,19,58,32.76%,12.03
habet app cricket app download,5,16,31.25%,5.25
habet betting app india,4,15,26.67%,3.4
habet cricket app,4,7,57.14%,2.29
habet app cricket,1,3,33.33%,12
habet app real or fake,0,16,0%,9.69
habet betting app real or fake,0,11,0%,11.45
cs habet online,0,3,0%,5.67
ha bet app download,0,3,0%,7.33
habet.com,0,2,0%,4.5
is this app trusted,0,1,0%,1
this,0,1,0%,1
habet app,0,1,0%,10
habet betting app download apk,0,1,0%,10
habet app download play store,0,1,0%,12
ipl betting tips 2026,0,1,0%,121